--
-- PostgreSQL database dump
--

\restrict qihnFflsV7sDGbCqJXgFF6j1PvF6LTVdG0iBzpA6ILIbyAym5L0VfYrTu9X5eMb

-- Dumped from database version 16.14
-- Dumped by pg_dump version 16.14

-- Started on 2026-05-25 21:12:11

SET statement_timeout = 0;
SET lock_timeout = 0;
SET idle_in_transaction_session_timeout = 0;
SET client_encoding = 'UTF8';
SET standard_conforming_strings = on;
SELECT pg_catalog.set_config('search_path', '', false);
SET check_function_bodies = false;
SET xmloption = content;
SET client_min_messages = warning;
SET row_security = off;

--
-- TOC entry 894 (class 1247 OID 16399)
-- Name: estado_vacacion; Type: TYPE; Schema: public; Owner: postgres
--

CREATE TYPE public.estado_vacacion AS ENUM (
    'PENDIENTE',
    'APROBADA',
    'RECHAZADA'
);


ALTER TYPE public.estado_vacacion OWNER TO postgres;

SET default_tablespace = '';

SET default_table_access_method = heap;

--
-- TOC entry 215 (class 1259 OID 16405)
-- Name: asignacionguardia; Type: TABLE; Schema: public; Owner: postgres
--

CREATE TABLE public.asignacionguardia (
    id integer NOT NULL,
    trabajador_id integer,
    guardia_id integer,
    cronograma_id integer,
    fecha date NOT NULL,
    observaciones text
);


ALTER TABLE public.asignacionguardia OWNER TO postgres;

--
-- TOC entry 216 (class 1259 OID 16410)
-- Name: asignacionguardia_id_seq; Type: SEQUENCE; Schema: public; Owner: postgres
--

CREATE SEQUENCE public.asignacionguardia_id_seq
    AS integer
    START WITH 1
    INCREMENT BY 1
    NO MINVALUE
    NO MAXVALUE
    CACHE 1;


ALTER SEQUENCE public.asignacionguardia_id_seq OWNER TO postgres;

--
-- TOC entry 5135 (class 0 OID 0)
-- Dependencies: 216
-- Name: asignacionguardia_id_seq; Type: SEQUENCE OWNED BY; Schema: public; Owner: postgres
--

ALTER SEQUENCE public.asignacionguardia_id_seq OWNED BY public.asignacionguardia.id;


--
-- TOC entry 252 (class 1259 OID 16628)
-- Name: auth_group; Type: TABLE; Schema: public; Owner: postgres
--

CREATE TABLE public.auth_group (
    id integer NOT NULL,
    name character varying(150) NOT NULL
);


ALTER TABLE public.auth_group OWNER TO postgres;

--
-- TOC entry 251 (class 1259 OID 16627)
-- Name: auth_group_id_seq; Type: SEQUENCE; Schema: public; Owner: postgres
--

ALTER TABLE public.auth_group ALTER COLUMN id ADD GENERATED BY DEFAULT AS IDENTITY (
    SEQUENCE NAME public.auth_group_id_seq
    START WITH 1
    INCREMENT BY 1
    NO MINVALUE
    NO MAXVALUE
    CACHE 1
);


--
-- TOC entry 254 (class 1259 OID 16636)
-- Name: auth_group_permissions; Type: TABLE; Schema: public; Owner: postgres
--

CREATE TABLE public.auth_group_permissions (
    id bigint NOT NULL,
    group_id integer NOT NULL,
    permission_id integer NOT NULL
);


ALTER TABLE public.auth_group_permissions OWNER TO postgres;

--
-- TOC entry 253 (class 1259 OID 16635)
-- Name: auth_group_permissions_id_seq; Type: SEQUENCE; Schema: public; Owner: postgres
--

ALTER TABLE public.auth_group_permissions ALTER COLUMN id ADD GENERATED BY DEFAULT AS IDENTITY (
    SEQUENCE NAME public.auth_group_permissions_id_seq
    START WITH 1
    INCREMENT BY 1
    NO MINVALUE
    NO MAXVALUE
    CACHE 1
);


--
-- TOC entry 250 (class 1259 OID 16622)
-- Name: auth_permission; Type: TABLE; Schema: public; Owner: postgres
--

CREATE TABLE public.auth_permission (
    id integer NOT NULL,
    name character varying(255) NOT NULL,
    content_type_id integer NOT NULL,
    codename character varying(100) NOT NULL
);


ALTER TABLE public.auth_permission OWNER TO postgres;

--
-- TOC entry 249 (class 1259 OID 16621)
-- Name: auth_permission_id_seq; Type: SEQUENCE; Schema: public; Owner: postgres
--

ALTER TABLE public.auth_permission ALTER COLUMN id ADD GENERATED BY DEFAULT AS IDENTITY (
    SEQUENCE NAME public.auth_permission_id_seq
    START WITH 1
    INCREMENT BY 1
    NO MINVALUE
    NO MAXVALUE
    CACHE 1
);


--
-- TOC entry 217 (class 1259 OID 16411)
-- Name: cargo; Type: TABLE; Schema: public; Owner: postgres
--

CREATE TABLE public.cargo (
    id integer NOT NULL,
    nombre_cargo character varying(100) NOT NULL,
    descripcion text
);


ALTER TABLE public.cargo OWNER TO postgres;

--
-- TOC entry 218 (class 1259 OID 16416)
-- Name: cargo_id_seq; Type: SEQUENCE; Schema: public; Owner: postgres
--

CREATE SEQUENCE public.cargo_id_seq
    AS integer
    START WITH 1
    INCREMENT BY 1
    NO MINVALUE
    NO MAXVALUE
    CACHE 1;


ALTER SEQUENCE public.cargo_id_seq OWNER TO postgres;

--
-- TOC entry 5136 (class 0 OID 0)
-- Dependencies: 218
-- Name: cargo_id_seq; Type: SEQUENCE OWNED BY; Schema: public; Owner: postgres
--

ALTER SEQUENCE public.cargo_id_seq OWNED BY public.cargo.id;


--
-- TOC entry 219 (class 1259 OID 16417)
-- Name: configuracionglobal; Type: TABLE; Schema: public; Owner: postgres
--

CREATE TABLE public.configuracionglobal (
    clave character varying(100) NOT NULL,
    valor numeric(12,2),
    ultima_actualizacion timestamp without time zone DEFAULT CURRENT_TIMESTAMP
);


ALTER TABLE public.configuracionglobal OWNER TO postgres;

--
-- TOC entry 220 (class 1259 OID 16421)
-- Name: cronograma; Type: TABLE; Schema: public; Owner: postgres
--

CREATE TABLE public.cronograma (
    id integer NOT NULL,
    fecha_inicio date NOT NULL,
    fecha_fin date NOT NULL
);


ALTER TABLE public.cronograma OWNER TO postgres;

--
-- TOC entry 221 (class 1259 OID 16424)
-- Name: cronograma_id_seq; Type: SEQUENCE; Schema: public; Owner: postgres
--

CREATE SEQUENCE public.cronograma_id_seq
    AS integer
    START WITH 1
    INCREMENT BY 1
    NO MINVALUE
    NO MAXVALUE
    CACHE 1;


ALTER SEQUENCE public.cronograma_id_seq OWNER TO postgres;

--
-- TOC entry 5137 (class 0 OID 0)
-- Dependencies: 221
-- Name: cronograma_id_seq; Type: SEQUENCE OWNED BY; Schema: public; Owner: postgres
--

ALTER SEQUENCE public.cronograma_id_seq OWNED BY public.cronograma.id;


--
-- TOC entry 264 (class 1259 OID 16741)
-- Name: django_admin_log; Type: TABLE; Schema: public; Owner: postgres
--

CREATE TABLE public.django_admin_log (
    id integer NOT NULL,
    action_time timestamp with time zone NOT NULL,
    object_id text,
    object_repr character varying(200) NOT NULL,
    action_flag smallint NOT NULL,
    change_message text NOT NULL,
    content_type_id integer,
    user_id bigint NOT NULL,
    CONSTRAINT django_admin_log_action_flag_check CHECK ((action_flag >= 0))
);


ALTER TABLE public.django_admin_log OWNER TO postgres;

--
-- TOC entry 263 (class 1259 OID 16740)
-- Name: django_admin_log_id_seq; Type: SEQUENCE; Schema: public; Owner: postgres
--

ALTER TABLE public.django_admin_log ALTER COLUMN id ADD GENERATED BY DEFAULT AS IDENTITY (
    SEQUENCE NAME public.django_admin_log_id_seq
    START WITH 1
    INCREMENT BY 1
    NO MINVALUE
    NO MAXVALUE
    CACHE 1
);


--
-- TOC entry 248 (class 1259 OID 16614)
-- Name: django_content_type; Type: TABLE; Schema: public; Owner: postgres
--

CREATE TABLE public.django_content_type (
    id integer NOT NULL,
    app_label character varying(100) NOT NULL,
    model character varying(100) NOT NULL
);


ALTER TABLE public.django_content_type OWNER TO postgres;

--
-- TOC entry 247 (class 1259 OID 16613)
-- Name: django_content_type_id_seq; Type: SEQUENCE; Schema: public; Owner: postgres
--

ALTER TABLE public.django_content_type ALTER COLUMN id ADD GENERATED BY DEFAULT AS IDENTITY (
    SEQUENCE NAME public.django_content_type_id_seq
    START WITH 1
    INCREMENT BY 1
    NO MINVALUE
    NO MAXVALUE
    CACHE 1
);


--
-- TOC entry 246 (class 1259 OID 16606)
-- Name: django_migrations; Type: TABLE; Schema: public; Owner: postgres
--

CREATE TABLE public.django_migrations (
    id bigint NOT NULL,
    app character varying(255) NOT NULL,
    name character varying(255) NOT NULL,
    applied timestamp with time zone NOT NULL
);


ALTER TABLE public.django_migrations OWNER TO postgres;

--
-- TOC entry 245 (class 1259 OID 16605)
-- Name: django_migrations_id_seq; Type: SEQUENCE; Schema: public; Owner: postgres
--

ALTER TABLE public.django_migrations ALTER COLUMN id ADD GENERATED BY DEFAULT AS IDENTITY (
    SEQUENCE NAME public.django_migrations_id_seq
    START WITH 1
    INCREMENT BY 1
    NO MINVALUE
    NO MAXVALUE
    CACHE 1
);


--
-- TOC entry 265 (class 1259 OID 16761)
-- Name: django_session; Type: TABLE; Schema: public; Owner: postgres
--

CREATE TABLE public.django_session (
    session_key character varying(40) NOT NULL,
    session_data text NOT NULL,
    expire_date timestamp with time zone NOT NULL
);


ALTER TABLE public.django_session OWNER TO postgres;

--
-- TOC entry 222 (class 1259 OID 16425)
-- Name: gerenteguardias; Type: TABLE; Schema: public; Owner: postgres
--

CREATE TABLE public.gerenteguardias (
    id integer NOT NULL,
    cedula character varying(20) NOT NULL,
    nombres character varying(100) NOT NULL,
    activo boolean DEFAULT true
);


ALTER TABLE public.gerenteguardias OWNER TO postgres;

--
-- TOC entry 223 (class 1259 OID 16429)
-- Name: gerenteguardias_id_seq; Type: SEQUENCE; Schema: public; Owner: postgres
--

CREATE SEQUENCE public.gerenteguardias_id_seq
    AS integer
    START WITH 1
    INCREMENT BY 1
    NO MINVALUE
    NO MAXVALUE
    CACHE 1;


ALTER SEQUENCE public.gerenteguardias_id_seq OWNER TO postgres;

--
-- TOC entry 5138 (class 0 OID 0)
-- Dependencies: 223
-- Name: gerenteguardias_id_seq; Type: SEQUENCE OWNED BY; Schema: public; Owner: postgres
--

ALTER SEQUENCE public.gerenteguardias_id_seq OWNED BY public.gerenteguardias.id;


--
-- TOC entry 224 (class 1259 OID 16430)
-- Name: guardia; Type: TABLE; Schema: public; Owner: postgres
--

CREATE TABLE public.guardia (
    id integer NOT NULL,
    nombre_turno character varying(50) NOT NULL,
    hora_inicio time without time zone NOT NULL,
    hora_fin time without time zone NOT NULL
);


ALTER TABLE public.guardia OWNER TO postgres;

--
-- TOC entry 225 (class 1259 OID 16433)
-- Name: guardia_id_seq; Type: SEQUENCE; Schema: public; Owner: postgres
--

CREATE SEQUENCE public.guardia_id_seq
    AS integer
    START WITH 1
    INCREMENT BY 1
    NO MINVALUE
    NO MAXVALUE
    CACHE 1;


ALTER SEQUENCE public.guardia_id_seq OWNER TO postgres;

--
-- TOC entry 5139 (class 0 OID 0)
-- Dependencies: 225
-- Name: guardia_id_seq; Type: SEQUENCE OWNED BY; Schema: public; Owner: postgres
--

ALTER SEQUENCE public.guardia_id_seq OWNED BY public.guardia.id;


--
-- TOC entry 226 (class 1259 OID 16434)
-- Name: logauditoria; Type: TABLE; Schema: public; Owner: postgres
--

CREATE TABLE public.logauditoria (
    id integer NOT NULL,
    usuario_id integer,
    accion character varying(100),
    tabla_afectada character varying(100),
    id_registro integer,
    valor_anterior text,
    valor_nuevo text,
    fecha_hora timestamp without time zone DEFAULT CURRENT_TIMESTAMP,
    ip character varying(45)
);


ALTER TABLE public.logauditoria OWNER TO postgres;

--
-- TOC entry 227 (class 1259 OID 16440)
-- Name: logauditoria_id_seq; Type: SEQUENCE; Schema: public; Owner: postgres
--

CREATE SEQUENCE public.logauditoria_id_seq
    AS integer
    START WITH 1
    INCREMENT BY 1
    NO MINVALUE
    NO MAXVALUE
    CACHE 1;


ALTER SEQUENCE public.logauditoria_id_seq OWNER TO postgres;

--
-- TOC entry 5140 (class 0 OID 0)
-- Dependencies: 227
-- Name: logauditoria_id_seq; Type: SEQUENCE OWNED BY; Schema: public; Owner: postgres
--

ALTER SEQUENCE public.logauditoria_id_seq OWNED BY public.logauditoria.id;


--
-- TOC entry 228 (class 1259 OID 16441)
-- Name: permiso; Type: TABLE; Schema: public; Owner: postgres
--

CREATE TABLE public.permiso (
    id integer NOT NULL,
    nombre_permiso character varying(100) NOT NULL,
    codename character varying(100) NOT NULL
);


ALTER TABLE public.permiso OWNER TO postgres;

--
-- TOC entry 229 (class 1259 OID 16444)
-- Name: permiso_id_seq; Type: SEQUENCE; Schema: public; Owner: postgres
--

CREATE SEQUENCE public.permiso_id_seq
    AS integer
    START WITH 1
    INCREMENT BY 1
    NO MINVALUE
    NO MAXVALUE
    CACHE 1;


ALTER SEQUENCE public.permiso_id_seq OWNER TO postgres;

--
-- TOC entry 5141 (class 0 OID 0)
-- Dependencies: 229
-- Name: permiso_id_seq; Type: SEQUENCE OWNED BY; Schema: public; Owner: postgres
--

ALTER SEQUENCE public.permiso_id_seq OWNED BY public.permiso.id;


--
-- TOC entry 230 (class 1259 OID 16445)
-- Name: respaldosistema; Type: TABLE; Schema: public; Owner: postgres
--

CREATE TABLE public.respaldosistema (
    id integer NOT NULL,
    super_admin_id integer,
    fecha_creacion timestamp without time zone DEFAULT CURRENT_TIMESTAMP
);


ALTER TABLE public.respaldosistema OWNER TO postgres;

--
-- TOC entry 231 (class 1259 OID 16449)
-- Name: respaldosistema_id_seq; Type: SEQUENCE; Schema: public; Owner: postgres
--

CREATE SEQUENCE public.respaldosistema_id_seq
    AS integer
    START WITH 1
    INCREMENT BY 1
    NO MINVALUE
    NO MAXVALUE
    CACHE 1;


ALTER SEQUENCE public.respaldosistema_id_seq OWNER TO postgres;

--
-- TOC entry 5142 (class 0 OID 0)
-- Dependencies: 231
-- Name: respaldosistema_id_seq; Type: SEQUENCE OWNED BY; Schema: public; Owner: postgres
--

ALTER SEQUENCE public.respaldosistema_id_seq OWNED BY public.respaldosistema.id;


--
-- TOC entry 232 (class 1259 OID 16450)
-- Name: rol; Type: TABLE; Schema: public; Owner: postgres
--

CREATE TABLE public.rol (
    id integer NOT NULL,
    nombre_rol character varying(50) NOT NULL,
    descripcion text
);


ALTER TABLE public.rol OWNER TO postgres;

--
-- TOC entry 233 (class 1259 OID 16455)
-- Name: rol_id_seq; Type: SEQUENCE; Schema: public; Owner: postgres
--

CREATE SEQUENCE public.rol_id_seq
    AS integer
    START WITH 1
    INCREMENT BY 1
    NO MINVALUE
    NO MAXVALUE
    CACHE 1;


ALTER SEQUENCE public.rol_id_seq OWNER TO postgres;

--
-- TOC entry 5143 (class 0 OID 0)
-- Dependencies: 233
-- Name: rol_id_seq; Type: SEQUENCE OWNED BY; Schema: public; Owner: postgres
--

ALTER SEQUENCE public.rol_id_seq OWNED BY public.rol.id;


--
-- TOC entry 234 (class 1259 OID 16456)
-- Name: rolpermiso; Type: TABLE; Schema: public; Owner: postgres
--

CREATE TABLE public.rolpermiso (
    rol_id integer NOT NULL,
    permiso_id integer NOT NULL
);


ALTER TABLE public.rolpermiso OWNER TO postgres;

--
-- TOC entry 235 (class 1259 OID 16459)
-- Name: superadministrador; Type: TABLE; Schema: public; Owner: postgres
--

CREATE TABLE public.superadministrador (
    id integer NOT NULL,
    usuario_id integer,
    rol_especial character varying(50)
);


ALTER TABLE public.superadministrador OWNER TO postgres;

--
-- TOC entry 236 (class 1259 OID 16462)
-- Name: superadministrador_id_seq; Type: SEQUENCE; Schema: public; Owner: postgres
--

CREATE SEQUENCE public.superadministrador_id_seq
    AS integer
    START WITH 1
    INCREMENT BY 1
    NO MINVALUE
    NO MAXVALUE
    CACHE 1;


ALTER SEQUENCE public.superadministrador_id_seq OWNER TO postgres;

--
-- TOC entry 5144 (class 0 OID 0)
-- Dependencies: 236
-- Name: superadministrador_id_seq; Type: SEQUENCE OWNED BY; Schema: public; Owner: postgres
--

ALTER SEQUENCE public.superadministrador_id_seq OWNED BY public.superadministrador.id;


--
-- TOC entry 267 (class 1259 OID 16771)
-- Name: token_blacklist_blacklistedtoken; Type: TABLE; Schema: public; Owner: postgres
--

CREATE TABLE public.token_blacklist_blacklistedtoken (
    id bigint NOT NULL,
    blacklisted_at timestamp with time zone NOT NULL,
    token_id bigint NOT NULL
);


ALTER TABLE public.token_blacklist_blacklistedtoken OWNER TO postgres;

--
-- TOC entry 266 (class 1259 OID 16770)
-- Name: token_blacklist_blacklistedtoken_id_seq; Type: SEQUENCE; Schema: public; Owner: postgres
--

ALTER TABLE public.token_blacklist_blacklistedtoken ALTER COLUMN id ADD GENERATED BY DEFAULT AS IDENTITY (
    SEQUENCE NAME public.token_blacklist_blacklistedtoken_id_seq
    START WITH 1
    INCREMENT BY 1
    NO MINVALUE
    NO MAXVALUE
    CACHE 1
);


--
-- TOC entry 269 (class 1259 OID 16777)
-- Name: token_blacklist_outstandingtoken; Type: TABLE; Schema: public; Owner: postgres
--

CREATE TABLE public.token_blacklist_outstandingtoken (
    id bigint NOT NULL,
    token text NOT NULL,
    created_at timestamp with time zone,
    expires_at timestamp with time zone NOT NULL,
    user_id bigint,
    jti character varying(255) NOT NULL
);


ALTER TABLE public.token_blacklist_outstandingtoken OWNER TO postgres;

--
-- TOC entry 268 (class 1259 OID 16776)
-- Name: token_blacklist_outstandingtoken_id_seq; Type: SEQUENCE; Schema: public; Owner: postgres
--

ALTER TABLE public.token_blacklist_outstandingtoken ALTER COLUMN id ADD GENERATED BY DEFAULT AS IDENTITY (
    SEQUENCE NAME public.token_blacklist_outstandingtoken_id_seq
    START WITH 1
    INCREMENT BY 1
    NO MINVALUE
    NO MAXVALUE
    CACHE 1
);


--
-- TOC entry 237 (class 1259 OID 16463)
-- Name: trabajador; Type: TABLE; Schema: public; Owner: postgres
--

CREATE TABLE public.trabajador (
    id integer NOT NULL,
    cedula character varying(20) NOT NULL,
    nombres character varying(100) NOT NULL,
    apellidos character varying(100) NOT NULL,
    fecha_ingreso date NOT NULL,
    estatus character varying(20) DEFAULT 'Activo'::character varying,
    cargo_id integer
);


ALTER TABLE public.trabajador OWNER TO postgres;

--
-- TOC entry 238 (class 1259 OID 16467)
-- Name: trabajador_id_seq; Type: SEQUENCE; Schema: public; Owner: postgres
--

CREATE SEQUENCE public.trabajador_id_seq
    AS integer
    START WITH 1
    INCREMENT BY 1
    NO MINVALUE
    NO MAXVALUE
    CACHE 1;


ALTER SEQUENCE public.trabajador_id_seq OWNER TO postgres;

--
-- TOC entry 5145 (class 0 OID 0)
-- Dependencies: 238
-- Name: trabajador_id_seq; Type: SEQUENCE OWNED BY; Schema: public; Owner: postgres
--

ALTER SEQUENCE public.trabajador_id_seq OWNED BY public.trabajador.id;


--
-- TOC entry 239 (class 1259 OID 16468)
-- Name: usuario; Type: TABLE; Schema: public; Owner: postgres
--

CREATE TABLE public.usuario (
    id integer NOT NULL,
    username character varying(50) NOT NULL,
    password character varying(255) NOT NULL,
    email character varying(100) NOT NULL,
    is_active boolean DEFAULT true,
    last_login timestamp without time zone
);


ALTER TABLE public.usuario OWNER TO postgres;

--
-- TOC entry 240 (class 1259 OID 16472)
-- Name: usuario_id_seq; Type: SEQUENCE; Schema: public; Owner: postgres
--

CREATE SEQUENCE public.usuario_id_seq
    AS integer
    START WITH 1
    INCREMENT BY 1
    NO MINVALUE
    NO MAXVALUE
    CACHE 1;


ALTER SEQUENCE public.usuario_id_seq OWNER TO postgres;

--
-- TOC entry 5146 (class 0 OID 0)
-- Dependencies: 240
-- Name: usuario_id_seq; Type: SEQUENCE OWNED BY; Schema: public; Owner: postgres
--

ALTER SEQUENCE public.usuario_id_seq OWNED BY public.usuario.id;


--
-- TOC entry 241 (class 1259 OID 16473)
-- Name: usuariorol; Type: TABLE; Schema: public; Owner: postgres
--

CREATE TABLE public.usuariorol (
    id integer NOT NULL,
    usuario_id integer,
    rol_id integer
);


ALTER TABLE public.usuariorol OWNER TO postgres;

--
-- TOC entry 242 (class 1259 OID 16476)
-- Name: usuariorol_id_seq; Type: SEQUENCE; Schema: public; Owner: postgres
--

CREATE SEQUENCE public.usuariorol_id_seq
    AS integer
    START WITH 1
    INCREMENT BY 1
    NO MINVALUE
    NO MAXVALUE
    CACHE 1;


ALTER SEQUENCE public.usuariorol_id_seq OWNER TO postgres;

--
-- TOC entry 5147 (class 0 OID 0)
-- Dependencies: 242
-- Name: usuariorol_id_seq; Type: SEQUENCE OWNED BY; Schema: public; Owner: postgres
--

ALTER SEQUENCE public.usuariorol_id_seq OWNED BY public.usuariorol.id;


--
-- TOC entry 256 (class 1259 OID 16668)
-- Name: usuarios_rol; Type: TABLE; Schema: public; Owner: postgres
--

CREATE TABLE public.usuarios_rol (
    id bigint NOT NULL,
    nombre character varying(50) NOT NULL,
    nivel_jerarquia integer NOT NULL,
    descripcion text,
    fecha_creacion timestamp with time zone NOT NULL
);


ALTER TABLE public.usuarios_rol OWNER TO postgres;

--
-- TOC entry 255 (class 1259 OID 16667)
-- Name: usuarios_rol_id_seq; Type: SEQUENCE; Schema: public; Owner: postgres
--

ALTER TABLE public.usuarios_rol ALTER COLUMN id ADD GENERATED BY DEFAULT AS IDENTITY (
    SEQUENCE NAME public.usuarios_rol_id_seq
    START WITH 1
    INCREMENT BY 1
    NO MINVALUE
    NO MAXVALUE
    CACHE 1
);


--
-- TOC entry 258 (class 1259 OID 16680)
-- Name: usuarios_usuario; Type: TABLE; Schema: public; Owner: postgres
--

CREATE TABLE public.usuarios_usuario (
    id bigint NOT NULL,
    password character varying(128) NOT NULL,
    last_login timestamp with time zone,
    is_superuser boolean NOT NULL,
    username character varying(150) NOT NULL,
    first_name character varying(150) NOT NULL,
    last_name character varying(150) NOT NULL,
    email character varying(254) NOT NULL,
    is_staff boolean NOT NULL,
    is_active boolean NOT NULL,
    date_joined timestamp with time zone NOT NULL,
    cedula character varying(15),
    departamento character varying(100),
    rol_id bigint
);


ALTER TABLE public.usuarios_usuario OWNER TO postgres;

--
-- TOC entry 260 (class 1259 OID 16692)
-- Name: usuarios_usuario_groups; Type: TABLE; Schema: public; Owner: postgres
--

CREATE TABLE public.usuarios_usuario_groups (
    id bigint NOT NULL,
    usuario_id bigint NOT NULL,
    group_id integer NOT NULL
);


ALTER TABLE public.usuarios_usuario_groups OWNER TO postgres;

--
-- TOC entry 259 (class 1259 OID 16691)
-- Name: usuarios_usuario_groups_id_seq; Type: SEQUENCE; Schema: public; Owner: postgres
--

ALTER TABLE public.usuarios_usuario_groups ALTER COLUMN id ADD GENERATED BY DEFAULT AS IDENTITY (
    SEQUENCE NAME public.usuarios_usuario_groups_id_seq
    START WITH 1
    INCREMENT BY 1
    NO MINVALUE
    NO MAXVALUE
    CACHE 1
);


--
-- TOC entry 257 (class 1259 OID 16679)
-- Name: usuarios_usuario_id_seq; Type: SEQUENCE; Schema: public; Owner: postgres
--

ALTER TABLE public.usuarios_usuario ALTER COLUMN id ADD GENERATED BY DEFAULT AS IDENTITY (
    SEQUENCE NAME public.usuarios_usuario_id_seq
    START WITH 1
    INCREMENT BY 1
    NO MINVALUE
    NO MAXVALUE
    CACHE 1
);


--
-- TOC entry 262 (class 1259 OID 16698)
-- Name: usuarios_usuario_user_permissions; Type: TABLE; Schema: public; Owner: postgres
--

CREATE TABLE public.usuarios_usuario_user_permissions (
    id bigint NOT NULL,
    usuario_id bigint NOT NULL,
    permission_id integer NOT NULL
);


ALTER TABLE public.usuarios_usuario_user_permissions OWNER TO postgres;

--
-- TOC entry 261 (class 1259 OID 16697)
-- Name: usuarios_usuario_user_permissions_id_seq; Type: SEQUENCE; Schema: public; Owner: postgres
--

ALTER TABLE public.usuarios_usuario_user_permissions ALTER COLUMN id ADD GENERATED BY DEFAULT AS IDENTITY (
    SEQUENCE NAME public.usuarios_usuario_user_permissions_id_seq
    START WITH 1
    INCREMENT BY 1
    NO MINVALUE
    NO MAXVALUE
    CACHE 1
);


--
-- TOC entry 243 (class 1259 OID 16477)
-- Name: vacacionsolicitud; Type: TABLE; Schema: public; Owner: postgres
--

CREATE TABLE public.vacacionsolicitud (
    id integer NOT NULL,
    trabajador_id integer,
    gerente_id integer,
    fecha_solicitud date DEFAULT CURRENT_DATE,
    fecha_inicio date NOT NULL,
    fecha_fin date NOT NULL,
    dias_solicitados integer,
    estado public.estado_vacacion DEFAULT 'PENDIENTE'::public.estado_vacacion
);


ALTER TABLE public.vacacionsolicitud OWNER TO postgres;

--
-- TOC entry 244 (class 1259 OID 16482)
-- Name: vacacionsolicitud_id_seq; Type: SEQUENCE; Schema: public; Owner: postgres
--

CREATE SEQUENCE public.vacacionsolicitud_id_seq
    AS integer
    START WITH 1
    INCREMENT BY 1
    NO MINVALUE
    NO MAXVALUE
    CACHE 1;


ALTER SEQUENCE public.vacacionsolicitud_id_seq OWNER TO postgres;

--
-- TOC entry 5148 (class 0 OID 0)
-- Dependencies: 244
-- Name: vacacionsolicitud_id_seq; Type: SEQUENCE OWNED BY; Schema: public; Owner: postgres
--

ALTER SEQUENCE public.vacacionsolicitud_id_seq OWNED BY public.vacacionsolicitud.id;


--
-- TOC entry 4774 (class 2604 OID 16483)
-- Name: asignacionguardia id; Type: DEFAULT; Schema: public; Owner: postgres
--

ALTER TABLE ONLY public.asignacionguardia ALTER COLUMN id SET DEFAULT nextval('public.asignacionguardia_id_seq'::regclass);


--
-- TOC entry 4775 (class 2604 OID 16484)
-- Name: cargo id; Type: DEFAULT; Schema: public; Owner: postgres
--

ALTER TABLE ONLY public.cargo ALTER COLUMN id SET DEFAULT nextval('public.cargo_id_seq'::regclass);


--
-- TOC entry 4777 (class 2604 OID 16485)
-- Name: cronograma id; Type: DEFAULT; Schema: public; Owner: postgres
--

ALTER TABLE ONLY public.cronograma ALTER COLUMN id SET DEFAULT nextval('public.cronograma_id_seq'::regclass);


--
-- TOC entry 4778 (class 2604 OID 16486)
-- Name: gerenteguardias id; Type: DEFAULT; Schema: public; Owner: postgres
--

ALTER TABLE ONLY public.gerenteguardias ALTER COLUMN id SET DEFAULT nextval('public.gerenteguardias_id_seq'::regclass);


--
-- TOC entry 4780 (class 2604 OID 16487)
-- Name: guardia id; Type: DEFAULT; Schema: public; Owner: postgres
--

ALTER TABLE ONLY public.guardia ALTER COLUMN id SET DEFAULT nextval('public.guardia_id_seq'::regclass);


--
-- TOC entry 4781 (class 2604 OID 16488)
-- Name: logauditoria id; Type: DEFAULT; Schema: public; Owner: postgres
--

ALTER TABLE ONLY public.logauditoria ALTER COLUMN id SET DEFAULT nextval('public.logauditoria_id_seq'::regclass);


--
-- TOC entry 4783 (class 2604 OID 16489)
-- Name: permiso id; Type: DEFAULT; Schema: public; Owner: postgres
--

ALTER TABLE ONLY public.permiso ALTER COLUMN id SET DEFAULT nextval('public.permiso_id_seq'::regclass);


--
-- TOC entry 4784 (class 2604 OID 16490)
-- Name: respaldosistema id; Type: DEFAULT; Schema: public; Owner: postgres
--

ALTER TABLE ONLY public.respaldosistema ALTER COLUMN id SET DEFAULT nextval('public.respaldosistema_id_seq'::regclass);


--
-- TOC entry 4786 (class 2604 OID 16491)
-- Name: rol id; Type: DEFAULT; Schema: public; Owner: postgres
--

ALTER TABLE ONLY public.rol ALTER COLUMN id SET DEFAULT nextval('public.rol_id_seq'::regclass);


--
-- TOC entry 4787 (class 2604 OID 16492)
-- Name: superadministrador id; Type: DEFAULT; Schema: public; Owner: postgres
--

ALTER TABLE ONLY public.superadministrador ALTER COLUMN id SET DEFAULT nextval('public.superadministrador_id_seq'::regclass);


--
-- TOC entry 4788 (class 2604 OID 16493)
-- Name: trabajador id; Type: DEFAULT; Schema: public; Owner: postgres
--

ALTER TABLE ONLY public.trabajador ALTER COLUMN id SET DEFAULT nextval('public.trabajador_id_seq'::regclass);


--
-- TOC entry 4790 (class 2604 OID 16494)
-- Name: usuario id; Type: DEFAULT; Schema: public; Owner: postgres
--

ALTER TABLE ONLY public.usuario ALTER COLUMN id SET DEFAULT nextval('public.usuario_id_seq'::regclass);


--
-- TOC entry 4792 (class 2604 OID 16495)
-- Name: usuariorol id; Type: DEFAULT; Schema: public; Owner: postgres
--

ALTER TABLE ONLY public.usuariorol ALTER COLUMN id SET DEFAULT nextval('public.usuariorol_id_seq'::regclass);


--
-- TOC entry 4793 (class 2604 OID 16496)
-- Name: vacacionsolicitud id; Type: DEFAULT; Schema: public; Owner: postgres
--

ALTER TABLE ONLY public.vacacionsolicitud ALTER COLUMN id SET DEFAULT nextval('public.vacacionsolicitud_id_seq'::regclass);


--
-- TOC entry 5075 (class 0 OID 16405)
-- Dependencies: 215
-- Data for Name: asignacionguardia; Type: TABLE DATA; Schema: public; Owner: postgres
--

COPY public.asignacionguardia (id, trabajador_id, guardia_id, cronograma_id, fecha, observaciones) FROM stdin;
\.


--
-- TOC entry 5112 (class 0 OID 16628)
-- Dependencies: 252
-- Data for Name: auth_group; Type: TABLE DATA; Schema: public; Owner: postgres
--

COPY public.auth_group (id, name) FROM stdin;
\.


--
-- TOC entry 5114 (class 0 OID 16636)
-- Dependencies: 254
-- Data for Name: auth_group_permissions; Type: TABLE DATA; Schema: public; Owner: postgres
--

COPY public.auth_group_permissions (id, group_id, permission_id) FROM stdin;
\.


--
-- TOC entry 5110 (class 0 OID 16622)
-- Dependencies: 250
-- Data for Name: auth_permission; Type: TABLE DATA; Schema: public; Owner: postgres
--

COPY public.auth_permission (id, name, content_type_id, codename) FROM stdin;
1	Can add log entry	1	add_logentry
2	Can change log entry	1	change_logentry
3	Can delete log entry	1	delete_logentry
4	Can view log entry	1	view_logentry
5	Can add permission	3	add_permission
6	Can change permission	3	change_permission
7	Can delete permission	3	delete_permission
8	Can view permission	3	view_permission
9	Can add group	2	add_group
10	Can change group	2	change_group
11	Can delete group	2	delete_group
12	Can view group	2	view_group
13	Can add content type	4	add_contenttype
14	Can change content type	4	change_contenttype
15	Can delete content type	4	delete_contenttype
16	Can view content type	4	view_contenttype
17	Can add session	5	add_session
18	Can change session	5	change_session
19	Can delete session	5	delete_session
20	Can view session	5	view_session
21	Can add Blacklisted Token	6	add_blacklistedtoken
22	Can change Blacklisted Token	6	change_blacklistedtoken
23	Can delete Blacklisted Token	6	delete_blacklistedtoken
24	Can view Blacklisted Token	6	view_blacklistedtoken
25	Can add Outstanding Token	7	add_outstandingtoken
26	Can change Outstanding Token	7	change_outstandingtoken
27	Can delete Outstanding Token	7	delete_outstandingtoken
28	Can view Outstanding Token	7	view_outstandingtoken
29	Can add Rol	8	add_rol
30	Can change Rol	8	change_rol
31	Can delete Rol	8	delete_rol
32	Can view Rol	8	view_rol
33	Can add user	9	add_usuario
34	Can change user	9	change_usuario
35	Can delete user	9	delete_usuario
36	Can view user	9	view_usuario
\.


--
-- TOC entry 5077 (class 0 OID 16411)
-- Dependencies: 217
-- Data for Name: cargo; Type: TABLE DATA; Schema: public; Owner: postgres
--

COPY public.cargo (id, nombre_cargo, descripcion) FROM stdin;
\.


--
-- TOC entry 5079 (class 0 OID 16417)
-- Dependencies: 219
-- Data for Name: configuracionglobal; Type: TABLE DATA; Schema: public; Owner: postgres
--

COPY public.configuracionglobal (clave, valor, ultima_actualizacion) FROM stdin;
\.


--
-- TOC entry 5080 (class 0 OID 16421)
-- Dependencies: 220
-- Data for Name: cronograma; Type: TABLE DATA; Schema: public; Owner: postgres
--

COPY public.cronograma (id, fecha_inicio, fecha_fin) FROM stdin;
\.


--
-- TOC entry 5124 (class 0 OID 16741)
-- Dependencies: 264
-- Data for Name: django_admin_log; Type: TABLE DATA; Schema: public; Owner: postgres
--

COPY public.django_admin_log (id, action_time, object_id, object_repr, action_flag, change_message, content_type_id, user_id) FROM stdin;
\.


--
-- TOC entry 5108 (class 0 OID 16614)
-- Dependencies: 248
-- Data for Name: django_content_type; Type: TABLE DATA; Schema: public; Owner: postgres
--

COPY public.django_content_type (id, app_label, model) FROM stdin;
1	admin	logentry
2	auth	group
3	auth	permission
4	contenttypes	contenttype
5	sessions	session
6	token_blacklist	blacklistedtoken
7	token_blacklist	outstandingtoken
8	usuarios	rol
9	usuarios	usuario
\.


--
-- TOC entry 5106 (class 0 OID 16606)
-- Dependencies: 246
-- Data for Name: django_migrations; Type: TABLE DATA; Schema: public; Owner: postgres
--

COPY public.django_migrations (id, app, name, applied) FROM stdin;
1	contenttypes	0001_initial	2026-05-25 20:13:45.643918-04
2	contenttypes	0002_remove_content_type_name	2026-05-25 20:13:45.660379-04
3	auth	0001_initial	2026-05-25 20:13:45.784603-04
4	auth	0002_alter_permission_name_max_length	2026-05-25 20:13:45.792505-04
5	auth	0003_alter_user_email_max_length	2026-05-25 20:13:45.803466-04
6	auth	0004_alter_user_username_opts	2026-05-25 20:13:45.813549-04
7	auth	0005_alter_user_last_login_null	2026-05-25 20:13:45.824499-04
8	auth	0006_require_contenttypes_0002	2026-05-25 20:13:45.829278-04
9	auth	0007_alter_validators_add_error_messages	2026-05-25 20:13:45.841286-04
10	auth	0008_alter_user_username_max_length	2026-05-25 20:13:45.85516-04
11	auth	0009_alter_user_last_name_max_length	2026-05-25 20:13:45.866939-04
12	auth	0010_alter_group_name_max_length	2026-05-25 20:13:45.883519-04
13	auth	0011_update_proxy_permissions	2026-05-25 20:13:45.899428-04
14	auth	0012_alter_user_first_name_max_length	2026-05-25 20:13:45.916675-04
15	usuarios	0001_initial	2026-05-25 20:13:46.133737-04
16	admin	0001_initial	2026-05-25 20:13:46.184862-04
17	admin	0002_logentry_remove_auto_add	2026-05-25 20:13:46.201119-04
18	admin	0003_logentry_add_action_flag_choices	2026-05-25 20:13:46.216857-04
19	sessions	0001_initial	2026-05-25 20:13:46.27183-04
20	token_blacklist	0001_initial	2026-05-25 20:13:46.368987-04
21	token_blacklist	0002_outstandingtoken_jti_hex	2026-05-25 20:13:46.381636-04
22	token_blacklist	0003_auto_20171017_2007	2026-05-25 20:13:46.404281-04
23	token_blacklist	0004_auto_20171017_2013	2026-05-25 20:13:46.442424-04
24	token_blacklist	0005_remove_outstandingtoken_jti	2026-05-25 20:13:46.46074-04
25	token_blacklist	0006_auto_20171017_2113	2026-05-25 20:13:46.474395-04
26	token_blacklist	0007_auto_20171017_2214	2026-05-25 20:13:46.531018-04
27	token_blacklist	0008_migrate_to_bigautofield	2026-05-25 20:13:46.657206-04
28	token_blacklist	0010_fix_migrate_to_bigautofield	2026-05-25 20:13:46.684663-04
29	token_blacklist	0011_linearizes_history	2026-05-25 20:13:46.689598-04
30	token_blacklist	0012_alter_outstandingtoken_user	2026-05-25 20:13:46.707667-04
31	token_blacklist	0013_alter_blacklistedtoken_options_and_more	2026-05-25 20:13:46.731688-04
\.


--
-- TOC entry 5125 (class 0 OID 16761)
-- Dependencies: 265
-- Data for Name: django_session; Type: TABLE DATA; Schema: public; Owner: postgres
--

COPY public.django_session (session_key, session_data, expire_date) FROM stdin;
\.


--
-- TOC entry 5082 (class 0 OID 16425)
-- Dependencies: 222
-- Data for Name: gerenteguardias; Type: TABLE DATA; Schema: public; Owner: postgres
--

COPY public.gerenteguardias (id, cedula, nombres, activo) FROM stdin;
\.


--
-- TOC entry 5084 (class 0 OID 16430)
-- Dependencies: 224
-- Data for Name: guardia; Type: TABLE DATA; Schema: public; Owner: postgres
--

COPY public.guardia (id, nombre_turno, hora_inicio, hora_fin) FROM stdin;
\.


--
-- TOC entry 5086 (class 0 OID 16434)
-- Dependencies: 226
-- Data for Name: logauditoria; Type: TABLE DATA; Schema: public; Owner: postgres
--

COPY public.logauditoria (id, usuario_id, accion, tabla_afectada, id_registro, valor_anterior, valor_nuevo, fecha_hora, ip) FROM stdin;
\.


--
-- TOC entry 5088 (class 0 OID 16441)
-- Dependencies: 228
-- Data for Name: permiso; Type: TABLE DATA; Schema: public; Owner: postgres
--

COPY public.permiso (id, nombre_permiso, codename) FROM stdin;
\.


--
-- TOC entry 5090 (class 0 OID 16445)
-- Dependencies: 230
-- Data for Name: respaldosistema; Type: TABLE DATA; Schema: public; Owner: postgres
--

COPY public.respaldosistema (id, super_admin_id, fecha_creacion) FROM stdin;
\.


--
-- TOC entry 5092 (class 0 OID 16450)
-- Dependencies: 232
-- Data for Name: rol; Type: TABLE DATA; Schema: public; Owner: postgres
--

COPY public.rol (id, nombre_rol, descripcion) FROM stdin;
1	Administrador	Control total del sistema
2	Gerente de guardias	Gesti¢n de horarios y asignaciones
3	Trabajador	Personal administrativo u obrero
4	Funcionario	Personal de seguridad o funcionario p£blico
\.


--
-- TOC entry 5094 (class 0 OID 16456)
-- Dependencies: 234
-- Data for Name: rolpermiso; Type: TABLE DATA; Schema: public; Owner: postgres
--

COPY public.rolpermiso (rol_id, permiso_id) FROM stdin;
\.


--
-- TOC entry 5095 (class 0 OID 16459)
-- Dependencies: 235
-- Data for Name: superadministrador; Type: TABLE DATA; Schema: public; Owner: postgres
--

COPY public.superadministrador (id, usuario_id, rol_especial) FROM stdin;
\.


--
-- TOC entry 5127 (class 0 OID 16771)
-- Dependencies: 267
-- Data for Name: token_blacklist_blacklistedtoken; Type: TABLE DATA; Schema: public; Owner: postgres
--

COPY public.token_blacklist_blacklistedtoken (id, blacklisted_at, token_id) FROM stdin;
\.


--
-- TOC entry 5129 (class 0 OID 16777)
-- Dependencies: 269
-- Data for Name: token_blacklist_outstandingtoken; Type: TABLE DATA; Schema: public; Owner: postgres
--

COPY public.token_blacklist_outstandingtoken (id, token, created_at, expires_at, user_id, jti) FROM stdin;
\.


--
-- TOC entry 5097 (class 0 OID 16463)
-- Dependencies: 237
-- Data for Name: trabajador; Type: TABLE DATA; Schema: public; Owner: postgres
--

COPY public.trabajador (id, cedula, nombres, apellidos, fecha_ingreso, estatus, cargo_id) FROM stdin;
\.


--
-- TOC entry 5099 (class 0 OID 16468)
-- Dependencies: 239
-- Data for Name: usuario; Type: TABLE DATA; Schema: public; Owner: postgres
--

COPY public.usuario (id, username, password, email, is_active, last_login) FROM stdin;
1	admin	admin1234	admin@dsi.local	t	\N
\.


--
-- TOC entry 5101 (class 0 OID 16473)
-- Dependencies: 241
-- Data for Name: usuariorol; Type: TABLE DATA; Schema: public; Owner: postgres
--

COPY public.usuariorol (id, usuario_id, rol_id) FROM stdin;
1	1	1
\.


--
-- TOC entry 5116 (class 0 OID 16668)
-- Dependencies: 256
-- Data for Name: usuarios_rol; Type: TABLE DATA; Schema: public; Owner: postgres
--

COPY public.usuarios_rol (id, nombre, nivel_jerarquia, descripcion, fecha_creacion) FROM stdin;
1	Administrador	1	Control total del sistema	2026-05-25 20:41:48.847393-04
2	Gerente de guardias	2	Gesti¢n de horarios y asignaciones	2026-05-25 20:41:48.847393-04
3	Trabajador	3	Personal administrativo u obrero	2026-05-25 20:41:48.847393-04
4	Funcionario	4	Personal de seguridad o funcionario p£blico	2026-05-25 20:41:48.847393-04
\.


--
-- TOC entry 5118 (class 0 OID 16680)
-- Dependencies: 258
-- Data for Name: usuarios_usuario; Type: TABLE DATA; Schema: public; Owner: postgres
--

COPY public.usuarios_usuario (id, password, last_login, is_superuser, username, first_name, last_name, email, is_staff, is_active, date_joined, cedula, departamento, rol_id) FROM stdin;
1	pbkdf2_sha256$1200000$DrXqAmkWQgo3JpylUIqE3K$44LCnbeWgAG9ATAkEMfJaz0lUQ5vKoFvu8RG2VhlME4=	2026-05-25 20:43:11.254012-04	t	admin@dsi.local			admin@dsi.local	t	t	2026-05-25 20:16:47.170539-04	\N	\N	1
\.


--
-- TOC entry 5120 (class 0 OID 16692)
-- Dependencies: 260
-- Data for Name: usuarios_usuario_groups; Type: TABLE DATA; Schema: public; Owner: postgres
--

COPY public.usuarios_usuario_groups (id, usuario_id, group_id) FROM stdin;
\.


--
-- TOC entry 5122 (class 0 OID 16698)
-- Dependencies: 262
-- Data for Name: usuarios_usuario_user_permissions; Type: TABLE DATA; Schema: public; Owner: postgres
--

COPY public.usuarios_usuario_user_permissions (id, usuario_id, permission_id) FROM stdin;
\.


--
-- TOC entry 5103 (class 0 OID 16477)
-- Dependencies: 243
-- Data for Name: vacacionsolicitud; Type: TABLE DATA; Schema: public; Owner: postgres
--

COPY public.vacacionsolicitud (id, trabajador_id, gerente_id, fecha_solicitud, fecha_inicio, fecha_fin, dias_solicitados, estado) FROM stdin;
\.


--
-- TOC entry 5149 (class 0 OID 0)
-- Dependencies: 216
-- Name: asignacionguardia_id_seq; Type: SEQUENCE SET; Schema: public; Owner: postgres
--

SELECT pg_catalog.setval('public.asignacionguardia_id_seq', 1, false);


--
-- TOC entry 5150 (class 0 OID 0)
-- Dependencies: 251
-- Name: auth_group_id_seq; Type: SEQUENCE SET; Schema: public; Owner: postgres
--

SELECT pg_catalog.setval('public.auth_group_id_seq', 1, false);


--
-- TOC entry 5151 (class 0 OID 0)
-- Dependencies: 253
-- Name: auth_group_permissions_id_seq; Type: SEQUENCE SET; Schema: public; Owner: postgres
--

SELECT pg_catalog.setval('public.auth_group_permissions_id_seq', 1, false);


--
-- TOC entry 5152 (class 0 OID 0)
-- Dependencies: 249
-- Name: auth_permission_id_seq; Type: SEQUENCE SET; Schema: public; Owner: postgres
--

SELECT pg_catalog.setval('public.auth_permission_id_seq', 36, true);


--
-- TOC entry 5153 (class 0 OID 0)
-- Dependencies: 218
-- Name: cargo_id_seq; Type: SEQUENCE SET; Schema: public; Owner: postgres
--

SELECT pg_catalog.setval('public.cargo_id_seq', 1, false);


--
-- TOC entry 5154 (class 0 OID 0)
-- Dependencies: 221
-- Name: cronograma_id_seq; Type: SEQUENCE SET; Schema: public; Owner: postgres
--

SELECT pg_catalog.setval('public.cronograma_id_seq', 1, false);


--
-- TOC entry 5155 (class 0 OID 0)
-- Dependencies: 263
-- Name: django_admin_log_id_seq; Type: SEQUENCE SET; Schema: public; Owner: postgres
--

SELECT pg_catalog.setval('public.django_admin_log_id_seq', 1, false);


--
-- TOC entry 5156 (class 0 OID 0)
-- Dependencies: 247
-- Name: django_content_type_id_seq; Type: SEQUENCE SET; Schema: public; Owner: postgres
--

SELECT pg_catalog.setval('public.django_content_type_id_seq', 9, true);


--
-- TOC entry 5157 (class 0 OID 0)
-- Dependencies: 245
-- Name: django_migrations_id_seq; Type: SEQUENCE SET; Schema: public; Owner: postgres
--

SELECT pg_catalog.setval('public.django_migrations_id_seq', 31, true);


--
-- TOC entry 5158 (class 0 OID 0)
-- Dependencies: 223
-- Name: gerenteguardias_id_seq; Type: SEQUENCE SET; Schema: public; Owner: postgres
--

SELECT pg_catalog.setval('public.gerenteguardias_id_seq', 1, false);


--
-- TOC entry 5159 (class 0 OID 0)
-- Dependencies: 225
-- Name: guardia_id_seq; Type: SEQUENCE SET; Schema: public; Owner: postgres
--

SELECT pg_catalog.setval('public.guardia_id_seq', 1, false);


--
-- TOC entry 5160 (class 0 OID 0)
-- Dependencies: 227
-- Name: logauditoria_id_seq; Type: SEQUENCE SET; Schema: public; Owner: postgres
--

SELECT pg_catalog.setval('public.logauditoria_id_seq', 1, false);


--
-- TOC entry 5161 (class 0 OID 0)
-- Dependencies: 229
-- Name: permiso_id_seq; Type: SEQUENCE SET; Schema: public; Owner: postgres
--

SELECT pg_catalog.setval('public.permiso_id_seq', 1, false);


--
-- TOC entry 5162 (class 0 OID 0)
-- Dependencies: 231
-- Name: respaldosistema_id_seq; Type: SEQUENCE SET; Schema: public; Owner: postgres
--

SELECT pg_catalog.setval('public.respaldosistema_id_seq', 1, false);


--
-- TOC entry 5163 (class 0 OID 0)
-- Dependencies: 233
-- Name: rol_id_seq; Type: SEQUENCE SET; Schema: public; Owner: postgres
--

SELECT pg_catalog.setval('public.rol_id_seq', 1, false);


--
-- TOC entry 5164 (class 0 OID 0)
-- Dependencies: 236
-- Name: superadministrador_id_seq; Type: SEQUENCE SET; Schema: public; Owner: postgres
--

SELECT pg_catalog.setval('public.superadministrador_id_seq', 1, false);


--
-- TOC entry 5165 (class 0 OID 0)
-- Dependencies: 266
-- Name: token_blacklist_blacklistedtoken_id_seq; Type: SEQUENCE SET; Schema: public; Owner: postgres
--

SELECT pg_catalog.setval('public.token_blacklist_blacklistedtoken_id_seq', 1, false);


--
-- TOC entry 5166 (class 0 OID 0)
-- Dependencies: 268
-- Name: token_blacklist_outstandingtoken_id_seq; Type: SEQUENCE SET; Schema: public; Owner: postgres
--

SELECT pg_catalog.setval('public.token_blacklist_outstandingtoken_id_seq', 1, false);


--
-- TOC entry 5167 (class 0 OID 0)
-- Dependencies: 238
-- Name: trabajador_id_seq; Type: SEQUENCE SET; Schema: public; Owner: postgres
--

SELECT pg_catalog.setval('public.trabajador_id_seq', 1, false);


--
-- TOC entry 5168 (class 0 OID 0)
-- Dependencies: 240
-- Name: usuario_id_seq; Type: SEQUENCE SET; Schema: public; Owner: postgres
--

SELECT pg_catalog.setval('public.usuario_id_seq', 1, false);


--
-- TOC entry 5169 (class 0 OID 0)
-- Dependencies: 242
-- Name: usuariorol_id_seq; Type: SEQUENCE SET; Schema: public; Owner: postgres
--

SELECT pg_catalog.setval('public.usuariorol_id_seq', 1, true);


--
-- TOC entry 5170 (class 0 OID 0)
-- Dependencies: 255
-- Name: usuarios_rol_id_seq; Type: SEQUENCE SET; Schema: public; Owner: postgres
--

SELECT pg_catalog.setval('public.usuarios_rol_id_seq', 1, false);


--
-- TOC entry 5171 (class 0 OID 0)
-- Dependencies: 259
-- Name: usuarios_usuario_groups_id_seq; Type: SEQUENCE SET; Schema: public; Owner: postgres
--

SELECT pg_catalog.setval('public.usuarios_usuario_groups_id_seq', 1, false);


--
-- TOC entry 5172 (class 0 OID 0)
-- Dependencies: 257
-- Name: usuarios_usuario_id_seq; Type: SEQUENCE SET; Schema: public; Owner: postgres
--

SELECT pg_catalog.setval('public.usuarios_usuario_id_seq', 1, true);


--
-- TOC entry 5173 (class 0 OID 0)
-- Dependencies: 261
-- Name: usuarios_usuario_user_permissions_id_seq; Type: SEQUENCE SET; Schema: public; Owner: postgres
--

SELECT pg_catalog.setval('public.usuarios_usuario_user_permissions_id_seq', 1, false);


--
-- TOC entry 5174 (class 0 OID 0)
-- Dependencies: 244
-- Name: vacacionsolicitud_id_seq; Type: SEQUENCE SET; Schema: public; Owner: postgres
--

SELECT pg_catalog.setval('public.vacacionsolicitud_id_seq', 1, false);


--
-- TOC entry 4798 (class 2606 OID 16498)
-- Name: asignacionguardia asignacionguardia_pkey; Type: CONSTRAINT; Schema: public; Owner: postgres
--

ALTER TABLE ONLY public.asignacionguardia
    ADD CONSTRAINT asignacionguardia_pkey PRIMARY KEY (id);


--
-- TOC entry 4852 (class 2606 OID 16665)
-- Name: auth_group auth_group_name_key; Type: CONSTRAINT; Schema: public; Owner: postgres
--

ALTER TABLE ONLY public.auth_group
    ADD CONSTRAINT auth_group_name_key UNIQUE (name);


--
-- TOC entry 4857 (class 2606 OID 16651)
-- Name: auth_group_permissions auth_group_permissions_group_id_permission_id_0cd325b0_uniq; Type: CONSTRAINT; Schema: public; Owner: postgres
--

ALTER TABLE ONLY public.auth_group_permissions
    ADD CONSTRAINT auth_group_permissions_group_id_permission_id_0cd325b0_uniq UNIQUE (group_id, permission_id);


--
-- TOC entry 4860 (class 2606 OID 16640)
-- Name: auth_group_permissions auth_group_permissions_pkey; Type: CONSTRAINT; Schema: public; Owner: postgres
--

ALTER TABLE ONLY public.auth_group_permissions
    ADD CONSTRAINT auth_group_permissions_pkey PRIMARY KEY (id);


--
-- TOC entry 4854 (class 2606 OID 16632)
-- Name: auth_group auth_group_pkey; Type: CONSTRAINT; Schema: public; Owner: postgres
--

ALTER TABLE ONLY public.auth_group
    ADD CONSTRAINT auth_group_pkey PRIMARY KEY (id);


--
-- TOC entry 4847 (class 2606 OID 16642)
-- Name: auth_permission auth_permission_content_type_id_codename_01ab375a_uniq; Type: CONSTRAINT; Schema: public; Owner: postgres
--

ALTER TABLE ONLY public.auth_permission
    ADD CONSTRAINT auth_permission_content_type_id_codename_01ab375a_uniq UNIQUE (content_type_id, codename);


--
-- TOC entry 4849 (class 2606 OID 16626)
-- Name: auth_permission auth_permission_pkey; Type: CONSTRAINT; Schema: public; Owner: postgres
--

ALTER TABLE ONLY public.auth_permission
    ADD CONSTRAINT auth_permission_pkey PRIMARY KEY (id);


--
-- TOC entry 4800 (class 2606 OID 16500)
-- Name: cargo cargo_pkey; Type: CONSTRAINT; Schema: public; Owner: postgres
--

ALTER TABLE ONLY public.cargo
    ADD CONSTRAINT cargo_pkey PRIMARY KEY (id);


--
-- TOC entry 4802 (class 2606 OID 16502)
-- Name: configuracionglobal configuracionglobal_pkey; Type: CONSTRAINT; Schema: public; Owner: postgres
--

ALTER TABLE ONLY public.configuracionglobal
    ADD CONSTRAINT configuracionglobal_pkey PRIMARY KEY (clave);


--
-- TOC entry 4804 (class 2606 OID 16504)
-- Name: cronograma cronograma_pkey; Type: CONSTRAINT; Schema: public; Owner: postgres
--

ALTER TABLE ONLY public.cronograma
    ADD CONSTRAINT cronograma_pkey PRIMARY KEY (id);


--
-- TOC entry 4891 (class 2606 OID 16748)
-- Name: django_admin_log django_admin_log_pkey; Type: CONSTRAINT; Schema: public; Owner: postgres
--

ALTER TABLE ONLY public.django_admin_log
    ADD CONSTRAINT django_admin_log_pkey PRIMARY KEY (id);


--
-- TOC entry 4842 (class 2606 OID 16620)
-- Name: django_content_type django_content_type_app_label_model_76bd3d3b_uniq; Type: CONSTRAINT; Schema: public; Owner: postgres
--

ALTER TABLE ONLY public.django_content_type
    ADD CONSTRAINT django_content_type_app_label_model_76bd3d3b_uniq UNIQUE (app_label, model);


--
-- TOC entry 4844 (class 2606 OID 16618)
-- Name: django_content_type django_content_type_pkey; Type: CONSTRAINT; Schema: public; Owner: postgres
--

ALTER TABLE ONLY public.django_content_type
    ADD CONSTRAINT django_content_type_pkey PRIMARY KEY (id);


--
-- TOC entry 4840 (class 2606 OID 16612)
-- Name: django_migrations django_migrations_pkey; Type: CONSTRAINT; Schema: public; Owner: postgres
--

ALTER TABLE ONLY public.django_migrations
    ADD CONSTRAINT django_migrations_pkey PRIMARY KEY (id);


--
-- TOC entry 4895 (class 2606 OID 16767)
-- Name: django_session django_session_pkey; Type: CONSTRAINT; Schema: public; Owner: postgres
--

ALTER TABLE ONLY public.django_session
    ADD CONSTRAINT django_session_pkey PRIMARY KEY (session_key);


--
-- TOC entry 4806 (class 2606 OID 16506)
-- Name: gerenteguardias gerenteguardias_cedula_key; Type: CONSTRAINT; Schema: public; Owner: postgres
--

ALTER TABLE ONLY public.gerenteguardias
    ADD CONSTRAINT gerenteguardias_cedula_key UNIQUE (cedula);


--
-- TOC entry 4808 (class 2606 OID 16508)
-- Name: gerenteguardias gerenteguardias_pkey; Type: CONSTRAINT; Schema: public; Owner: postgres
--

ALTER TABLE ONLY public.gerenteguardias
    ADD CONSTRAINT gerenteguardias_pkey PRIMARY KEY (id);


--
-- TOC entry 4810 (class 2606 OID 16510)
-- Name: guardia guardia_pkey; Type: CONSTRAINT; Schema: public; Owner: postgres
--

ALTER TABLE ONLY public.guardia
    ADD CONSTRAINT guardia_pkey PRIMARY KEY (id);


--
-- TOC entry 4812 (class 2606 OID 16512)
-- Name: logauditoria logauditoria_pkey; Type: CONSTRAINT; Schema: public; Owner: postgres
--

ALTER TABLE ONLY public.logauditoria
    ADD CONSTRAINT logauditoria_pkey PRIMARY KEY (id);


--
-- TOC entry 4814 (class 2606 OID 16514)
-- Name: permiso permiso_codename_key; Type: CONSTRAINT; Schema: public; Owner: postgres
--

ALTER TABLE ONLY public.permiso
    ADD CONSTRAINT permiso_codename_key UNIQUE (codename);


--
-- TOC entry 4816 (class 2606 OID 16516)
-- Name: permiso permiso_pkey; Type: CONSTRAINT; Schema: public; Owner: postgres
--

ALTER TABLE ONLY public.permiso
    ADD CONSTRAINT permiso_pkey PRIMARY KEY (id);


--
-- TOC entry 4818 (class 2606 OID 16518)
-- Name: respaldosistema respaldosistema_pkey; Type: CONSTRAINT; Schema: public; Owner: postgres
--

ALTER TABLE ONLY public.respaldosistema
    ADD CONSTRAINT respaldosistema_pkey PRIMARY KEY (id);


--
-- TOC entry 4820 (class 2606 OID 16520)
-- Name: rol rol_pkey; Type: CONSTRAINT; Schema: public; Owner: postgres
--

ALTER TABLE ONLY public.rol
    ADD CONSTRAINT rol_pkey PRIMARY KEY (id);


--
-- TOC entry 4822 (class 2606 OID 16522)
-- Name: rolpermiso rolpermiso_pkey; Type: CONSTRAINT; Schema: public; Owner: postgres
--

ALTER TABLE ONLY public.rolpermiso
    ADD CONSTRAINT rolpermiso_pkey PRIMARY KEY (rol_id, permiso_id);


--
-- TOC entry 4824 (class 2606 OID 16524)
-- Name: superadministrador superadministrador_pkey; Type: CONSTRAINT; Schema: public; Owner: postgres
--

ALTER TABLE ONLY public.superadministrador
    ADD CONSTRAINT superadministrador_pkey PRIMARY KEY (id);


--
-- TOC entry 4898 (class 2606 OID 16809)
-- Name: token_blacklist_blacklistedtoken token_blacklist_blacklistedtoken_pkey; Type: CONSTRAINT; Schema: public; Owner: postgres
--

ALTER TABLE ONLY public.token_blacklist_blacklistedtoken
    ADD CONSTRAINT token_blacklist_blacklistedtoken_pkey PRIMARY KEY (id);


--
-- TOC entry 4900 (class 2606 OID 16830)
-- Name: token_blacklist_blacklistedtoken token_blacklist_blacklistedtoken_token_id_key; Type: CONSTRAINT; Schema: public; Owner: postgres
--

ALTER TABLE ONLY public.token_blacklist_blacklistedtoken
    ADD CONSTRAINT token_blacklist_blacklistedtoken_token_id_key UNIQUE (token_id);


--
-- TOC entry 4903 (class 2606 OID 16800)
-- Name: token_blacklist_outstandingtoken token_blacklist_outstandingtoken_jti_hex_d9bdf6f7_uniq; Type: CONSTRAINT; Schema: public; Owner: postgres
--

ALTER TABLE ONLY public.token_blacklist_outstandingtoken
    ADD CONSTRAINT token_blacklist_outstandingtoken_jti_hex_d9bdf6f7_uniq UNIQUE (jti);


--
-- TOC entry 4905 (class 2606 OID 16818)
-- Name: token_blacklist_outstandingtoken token_blacklist_outstandingtoken_pkey; Type: CONSTRAINT; Schema: public; Owner: postgres
--

ALTER TABLE ONLY public.token_blacklist_outstandingtoken
    ADD CONSTRAINT token_blacklist_outstandingtoken_pkey PRIMARY KEY (id);


--
-- TOC entry 4826 (class 2606 OID 16526)
-- Name: trabajador trabajador_cedula_key; Type: CONSTRAINT; Schema: public; Owner: postgres
--

ALTER TABLE ONLY public.trabajador
    ADD CONSTRAINT trabajador_cedula_key UNIQUE (cedula);


--
-- TOC entry 4828 (class 2606 OID 16528)
-- Name: trabajador trabajador_pkey; Type: CONSTRAINT; Schema: public; Owner: postgres
--

ALTER TABLE ONLY public.trabajador
    ADD CONSTRAINT trabajador_pkey PRIMARY KEY (id);


--
-- TOC entry 4830 (class 2606 OID 16530)
-- Name: usuario usuario_email_key; Type: CONSTRAINT; Schema: public; Owner: postgres
--

ALTER TABLE ONLY public.usuario
    ADD CONSTRAINT usuario_email_key UNIQUE (email);


--
-- TOC entry 4832 (class 2606 OID 16532)
-- Name: usuario usuario_pkey; Type: CONSTRAINT; Schema: public; Owner: postgres
--

ALTER TABLE ONLY public.usuario
    ADD CONSTRAINT usuario_pkey PRIMARY KEY (id);


--
-- TOC entry 4834 (class 2606 OID 16534)
-- Name: usuario usuario_username_key; Type: CONSTRAINT; Schema: public; Owner: postgres
--

ALTER TABLE ONLY public.usuario
    ADD CONSTRAINT usuario_username_key UNIQUE (username);


--
-- TOC entry 4836 (class 2606 OID 16536)
-- Name: usuariorol usuariorol_pkey; Type: CONSTRAINT; Schema: public; Owner: postgres
--

ALTER TABLE ONLY public.usuariorol
    ADD CONSTRAINT usuariorol_pkey PRIMARY KEY (id);


--
-- TOC entry 4862 (class 2606 OID 16678)
-- Name: usuarios_rol usuarios_rol_nivel_jerarquia_key; Type: CONSTRAINT; Schema: public; Owner: postgres
--

ALTER TABLE ONLY public.usuarios_rol
    ADD CONSTRAINT usuarios_rol_nivel_jerarquia_key UNIQUE (nivel_jerarquia);


--
-- TOC entry 4865 (class 2606 OID 16676)
-- Name: usuarios_rol usuarios_rol_nombre_key; Type: CONSTRAINT; Schema: public; Owner: postgres
--

ALTER TABLE ONLY public.usuarios_rol
    ADD CONSTRAINT usuarios_rol_nombre_key UNIQUE (nombre);


--
-- TOC entry 4867 (class 2606 OID 16674)
-- Name: usuarios_rol usuarios_rol_pkey; Type: CONSTRAINT; Schema: public; Owner: postgres
--

ALTER TABLE ONLY public.usuarios_rol
    ADD CONSTRAINT usuarios_rol_pkey PRIMARY KEY (id);


--
-- TOC entry 4870 (class 2606 OID 16690)
-- Name: usuarios_usuario usuarios_usuario_cedula_key; Type: CONSTRAINT; Schema: public; Owner: postgres
--

ALTER TABLE ONLY public.usuarios_usuario
    ADD CONSTRAINT usuarios_usuario_cedula_key UNIQUE (cedula);


--
-- TOC entry 4879 (class 2606 OID 16696)
-- Name: usuarios_usuario_groups usuarios_usuario_groups_pkey; Type: CONSTRAINT; Schema: public; Owner: postgres
--

ALTER TABLE ONLY public.usuarios_usuario_groups
    ADD CONSTRAINT usuarios_usuario_groups_pkey PRIMARY KEY (id);


--
-- TOC entry 4882 (class 2606 OID 16713)
-- Name: usuarios_usuario_groups usuarios_usuario_groups_usuario_id_group_id_4ed5b09e_uniq; Type: CONSTRAINT; Schema: public; Owner: postgres
--

ALTER TABLE ONLY public.usuarios_usuario_groups
    ADD CONSTRAINT usuarios_usuario_groups_usuario_id_group_id_4ed5b09e_uniq UNIQUE (usuario_id, group_id);


--
-- TOC entry 4872 (class 2606 OID 16686)
-- Name: usuarios_usuario usuarios_usuario_pkey; Type: CONSTRAINT; Schema: public; Owner: postgres
--

ALTER TABLE ONLY public.usuarios_usuario
    ADD CONSTRAINT usuarios_usuario_pkey PRIMARY KEY (id);


--
-- TOC entry 4884 (class 2606 OID 16727)
-- Name: usuarios_usuario_user_permissions usuarios_usuario_user_pe_usuario_id_permission_id_217cadcd_uniq; Type: CONSTRAINT; Schema: public; Owner: postgres
--

ALTER TABLE ONLY public.usuarios_usuario_user_permissions
    ADD CONSTRAINT usuarios_usuario_user_pe_usuario_id_permission_id_217cadcd_uniq UNIQUE (usuario_id, permission_id);


--
-- TOC entry 4887 (class 2606 OID 16702)
-- Name: usuarios_usuario_user_permissions usuarios_usuario_user_permissions_pkey; Type: CONSTRAINT; Schema: public; Owner: postgres
--

ALTER TABLE ONLY public.usuarios_usuario_user_permissions
    ADD CONSTRAINT usuarios_usuario_user_permissions_pkey PRIMARY KEY (id);


--
-- TOC entry 4876 (class 2606 OID 16688)
-- Name: usuarios_usuario usuarios_usuario_username_key; Type: CONSTRAINT; Schema: public; Owner: postgres
--

ALTER TABLE ONLY public.usuarios_usuario
    ADD CONSTRAINT usuarios_usuario_username_key UNIQUE (username);


--
-- TOC entry 4838 (class 2606 OID 16538)
-- Name: vacacionsolicitud vacacionsolicitud_pkey; Type: CONSTRAINT; Schema: public; Owner: postgres
--

ALTER TABLE ONLY public.vacacionsolicitud
    ADD CONSTRAINT vacacionsolicitud_pkey PRIMARY KEY (id);


--
-- TOC entry 4850 (class 1259 OID 16666)
-- Name: auth_group_name_a6ea08ec_like; Type: INDEX; Schema: public; Owner: postgres
--

CREATE INDEX auth_group_name_a6ea08ec_like ON public.auth_group USING btree (name varchar_pattern_ops);


--
-- TOC entry 4855 (class 1259 OID 16662)
-- Name: auth_group_permissions_group_id_b120cbf9; Type: INDEX; Schema: public; Owner: postgres
--

CREATE INDEX auth_group_permissions_group_id_b120cbf9 ON public.auth_group_permissions USING btree (group_id);


--
-- TOC entry 4858 (class 1259 OID 16663)
-- Name: auth_group_permissions_permission_id_84c5c92e; Type: INDEX; Schema: public; Owner: postgres
--

CREATE INDEX auth_group_permissions_permission_id_84c5c92e ON public.auth_group_permissions USING btree (permission_id);


--
-- TOC entry 4845 (class 1259 OID 16648)
-- Name: auth_permission_content_type_id_2f476e4b; Type: INDEX; Schema: public; Owner: postgres
--

CREATE INDEX auth_permission_content_type_id_2f476e4b ON public.auth_permission USING btree (content_type_id);


--
-- TOC entry 4889 (class 1259 OID 16759)
-- Name: django_admin_log_content_type_id_c4bce8eb; Type: INDEX; Schema: public; Owner: postgres
--

CREATE INDEX django_admin_log_content_type_id_c4bce8eb ON public.django_admin_log USING btree (content_type_id);


--
-- TOC entry 4892 (class 1259 OID 16760)
-- Name: django_admin_log_user_id_c564eba6; Type: INDEX; Schema: public; Owner: postgres
--

CREATE INDEX django_admin_log_user_id_c564eba6 ON public.django_admin_log USING btree (user_id);


--
-- TOC entry 4893 (class 1259 OID 16769)
-- Name: django_session_expire_date_a5c62663; Type: INDEX; Schema: public; Owner: postgres
--

CREATE INDEX django_session_expire_date_a5c62663 ON public.django_session USING btree (expire_date);


--
-- TOC entry 4896 (class 1259 OID 16768)
-- Name: django_session_session_key_c0390e0f_like; Type: INDEX; Schema: public; Owner: postgres
--

CREATE INDEX django_session_session_key_c0390e0f_like ON public.django_session USING btree (session_key varchar_pattern_ops);


--
-- TOC entry 4901 (class 1259 OID 16801)
-- Name: token_blacklist_outstandingtoken_jti_hex_d9bdf6f7_like; Type: INDEX; Schema: public; Owner: postgres
--

CREATE INDEX token_blacklist_outstandingtoken_jti_hex_d9bdf6f7_like ON public.token_blacklist_outstandingtoken USING btree (jti varchar_pattern_ops);


--
-- TOC entry 4906 (class 1259 OID 16798)
-- Name: token_blacklist_outstandingtoken_user_id_83bc629a; Type: INDEX; Schema: public; Owner: postgres
--

CREATE INDEX token_blacklist_outstandingtoken_user_id_83bc629a ON public.token_blacklist_outstandingtoken USING btree (user_id);


--
-- TOC entry 4863 (class 1259 OID 16703)
-- Name: usuarios_rol_nombre_96a030f6_like; Type: INDEX; Schema: public; Owner: postgres
--

CREATE INDEX usuarios_rol_nombre_96a030f6_like ON public.usuarios_rol USING btree (nombre varchar_pattern_ops);


--
-- TOC entry 4868 (class 1259 OID 16710)
-- Name: usuarios_usuario_cedula_6e40509a_like; Type: INDEX; Schema: public; Owner: postgres
--

CREATE INDEX usuarios_usuario_cedula_6e40509a_like ON public.usuarios_usuario USING btree (cedula varchar_pattern_ops);


--
-- TOC entry 4877 (class 1259 OID 16725)
-- Name: usuarios_usuario_groups_group_id_e77f6dcf; Type: INDEX; Schema: public; Owner: postgres
--

CREATE INDEX usuarios_usuario_groups_group_id_e77f6dcf ON public.usuarios_usuario_groups USING btree (group_id);


--
-- TOC entry 4880 (class 1259 OID 16724)
-- Name: usuarios_usuario_groups_usuario_id_7a34077f; Type: INDEX; Schema: public; Owner: postgres
--

CREATE INDEX usuarios_usuario_groups_usuario_id_7a34077f ON public.usuarios_usuario_groups USING btree (usuario_id);


--
-- TOC entry 4873 (class 1259 OID 16711)
-- Name: usuarios_usuario_rol_id_b0d64932; Type: INDEX; Schema: public; Owner: postgres
--

CREATE INDEX usuarios_usuario_rol_id_b0d64932 ON public.usuarios_usuario USING btree (rol_id);


--
-- TOC entry 4885 (class 1259 OID 16739)
-- Name: usuarios_usuario_user_permissions_permission_id_4e5c0f2f; Type: INDEX; Schema: public; Owner: postgres
--

CREATE INDEX usuarios_usuario_user_permissions_permission_id_4e5c0f2f ON public.usuarios_usuario_user_permissions USING btree (permission_id);


--
-- TOC entry 4888 (class 1259 OID 16738)
-- Name: usuarios_usuario_user_permissions_usuario_id_60aeea80; Type: INDEX; Schema: public; Owner: postgres
--

CREATE INDEX usuarios_usuario_user_permissions_usuario_id_60aeea80 ON public.usuarios_usuario_user_permissions USING btree (usuario_id);


--
-- TOC entry 4874 (class 1259 OID 16709)
-- Name: usuarios_usuario_username_be9def2b_like; Type: INDEX; Schema: public; Owner: postgres
--

CREATE INDEX usuarios_usuario_username_be9def2b_like ON public.usuarios_usuario USING btree (username varchar_pattern_ops);


--
-- TOC entry 4907 (class 2606 OID 16539)
-- Name: asignacionguardia asignacionguardia_cronograma_id_fkey; Type: FK CONSTRAINT; Schema: public; Owner: postgres
--

ALTER TABLE ONLY public.asignacionguardia
    ADD CONSTRAINT asignacionguardia_cronograma_id_fkey FOREIGN KEY (cronograma_id) REFERENCES public.cronograma(id);


--
-- TOC entry 4908 (class 2606 OID 16544)
-- Name: asignacionguardia asignacionguardia_guardia_id_fkey; Type: FK CONSTRAINT; Schema: public; Owner: postgres
--

ALTER TABLE ONLY public.asignacionguardia
    ADD CONSTRAINT asignacionguardia_guardia_id_fkey FOREIGN KEY (guardia_id) REFERENCES public.guardia(id);


--
-- TOC entry 4909 (class 2606 OID 16549)
-- Name: asignacionguardia asignacionguardia_trabajador_id_fkey; Type: FK CONSTRAINT; Schema: public; Owner: postgres
--

ALTER TABLE ONLY public.asignacionguardia
    ADD CONSTRAINT asignacionguardia_trabajador_id_fkey FOREIGN KEY (trabajador_id) REFERENCES public.trabajador(id);


--
-- TOC entry 4921 (class 2606 OID 16657)
-- Name: auth_group_permissions auth_group_permissio_permission_id_84c5c92e_fk_auth_perm; Type: FK CONSTRAINT; Schema: public; Owner: postgres
--

ALTER TABLE ONLY public.auth_group_permissions
    ADD CONSTRAINT auth_group_permissio_permission_id_84c5c92e_fk_auth_perm FOREIGN KEY (permission_id) REFERENCES public.auth_permission(id) DEFERRABLE INITIALLY DEFERRED;


--
-- TOC entry 4922 (class 2606 OID 16652)
-- Name: auth_group_permissions auth_group_permissions_group_id_b120cbf9_fk_auth_group_id; Type: FK CONSTRAINT; Schema: public; Owner: postgres
--

ALTER TABLE ONLY public.auth_group_permissions
    ADD CONSTRAINT auth_group_permissions_group_id_b120cbf9_fk_auth_group_id FOREIGN KEY (group_id) REFERENCES public.auth_group(id) DEFERRABLE INITIALLY DEFERRED;


--
-- TOC entry 4920 (class 2606 OID 16643)
-- Name: auth_permission auth_permission_content_type_id_2f476e4b_fk_django_co; Type: FK CONSTRAINT; Schema: public; Owner: postgres
--

ALTER TABLE ONLY public.auth_permission
    ADD CONSTRAINT auth_permission_content_type_id_2f476e4b_fk_django_co FOREIGN KEY (content_type_id) REFERENCES public.django_content_type(id) DEFERRABLE INITIALLY DEFERRED;


--
-- TOC entry 4928 (class 2606 OID 16749)
-- Name: django_admin_log django_admin_log_content_type_id_c4bce8eb_fk_django_co; Type: FK CONSTRAINT; Schema: public; Owner: postgres
--

ALTER TABLE ONLY public.django_admin_log
    ADD CONSTRAINT django_admin_log_content_type_id_c4bce8eb_fk_django_co FOREIGN KEY (content_type_id) REFERENCES public.django_content_type(id) DEFERRABLE INITIALLY DEFERRED;


--
-- TOC entry 4929 (class 2606 OID 16754)
-- Name: django_admin_log django_admin_log_user_id_c564eba6_fk_usuarios_usuario_id; Type: FK CONSTRAINT; Schema: public; Owner: postgres
--

ALTER TABLE ONLY public.django_admin_log
    ADD CONSTRAINT django_admin_log_user_id_c564eba6_fk_usuarios_usuario_id FOREIGN KEY (user_id) REFERENCES public.usuarios_usuario(id) DEFERRABLE INITIALLY DEFERRED;


--
-- TOC entry 4910 (class 2606 OID 16554)
-- Name: logauditoria logauditoria_usuario_id_fkey; Type: FK CONSTRAINT; Schema: public; Owner: postgres
--

ALTER TABLE ONLY public.logauditoria
    ADD CONSTRAINT logauditoria_usuario_id_fkey FOREIGN KEY (usuario_id) REFERENCES public.usuario(id);


--
-- TOC entry 4911 (class 2606 OID 16559)
-- Name: respaldosistema respaldosistema_super_admin_id_fkey; Type: FK CONSTRAINT; Schema: public; Owner: postgres
--

ALTER TABLE ONLY public.respaldosistema
    ADD CONSTRAINT respaldosistema_super_admin_id_fkey FOREIGN KEY (super_admin_id) REFERENCES public.superadministrador(id);


--
-- TOC entry 4912 (class 2606 OID 16564)
-- Name: rolpermiso rolpermiso_permiso_id_fkey; Type: FK CONSTRAINT; Schema: public; Owner: postgres
--

ALTER TABLE ONLY public.rolpermiso
    ADD CONSTRAINT rolpermiso_permiso_id_fkey FOREIGN KEY (permiso_id) REFERENCES public.permiso(id) ON DELETE CASCADE;


--
-- TOC entry 4913 (class 2606 OID 16569)
-- Name: rolpermiso rolpermiso_rol_id_fkey; Type: FK CONSTRAINT; Schema: public; Owner: postgres
--

ALTER TABLE ONLY public.rolpermiso
    ADD CONSTRAINT rolpermiso_rol_id_fkey FOREIGN KEY (rol_id) REFERENCES public.rol(id) ON DELETE CASCADE;


--
-- TOC entry 4914 (class 2606 OID 16574)
-- Name: superadministrador superadministrador_usuario_id_fkey; Type: FK CONSTRAINT; Schema: public; Owner: postgres
--

ALTER TABLE ONLY public.superadministrador
    ADD CONSTRAINT superadministrador_usuario_id_fkey FOREIGN KEY (usuario_id) REFERENCES public.usuario(id);


--
-- TOC entry 4930 (class 2606 OID 16836)
-- Name: token_blacklist_blacklistedtoken token_blacklist_blacklistedtoken_token_id_3cc7fe56_fk; Type: FK CONSTRAINT; Schema: public; Owner: postgres
--

ALTER TABLE ONLY public.token_blacklist_blacklistedtoken
    ADD CONSTRAINT token_blacklist_blacklistedtoken_token_id_3cc7fe56_fk FOREIGN KEY (token_id) REFERENCES public.token_blacklist_outstandingtoken(id) DEFERRABLE INITIALLY DEFERRED;


--
-- TOC entry 4931 (class 2606 OID 16802)
-- Name: token_blacklist_outstandingtoken token_blacklist_outs_user_id_83bc629a_fk_usuarios_; Type: FK CONSTRAINT; Schema: public; Owner: postgres
--

ALTER TABLE ONLY public.token_blacklist_outstandingtoken
    ADD CONSTRAINT token_blacklist_outs_user_id_83bc629a_fk_usuarios_ FOREIGN KEY (user_id) REFERENCES public.usuarios_usuario(id) DEFERRABLE INITIALLY DEFERRED;


--
-- TOC entry 4915 (class 2606 OID 16579)
-- Name: trabajador trabajador_cargo_id_fkey; Type: FK CONSTRAINT; Schema: public; Owner: postgres
--

ALTER TABLE ONLY public.trabajador
    ADD CONSTRAINT trabajador_cargo_id_fkey FOREIGN KEY (cargo_id) REFERENCES public.cargo(id);


--
-- TOC entry 4916 (class 2606 OID 16584)
-- Name: usuariorol usuariorol_rol_id_fkey; Type: FK CONSTRAINT; Schema: public; Owner: postgres
--

ALTER TABLE ONLY public.usuariorol
    ADD CONSTRAINT usuariorol_rol_id_fkey FOREIGN KEY (rol_id) REFERENCES public.rol(id) ON DELETE CASCADE;


--
-- TOC entry 4917 (class 2606 OID 16589)
-- Name: usuariorol usuariorol_usuario_id_fkey; Type: FK CONSTRAINT; Schema: public; Owner: postgres
--

ALTER TABLE ONLY public.usuariorol
    ADD CONSTRAINT usuariorol_usuario_id_fkey FOREIGN KEY (usuario_id) REFERENCES public.usuario(id) ON DELETE CASCADE;


--
-- TOC entry 4924 (class 2606 OID 16714)
-- Name: usuarios_usuario_groups usuarios_usuario_gro_usuario_id_7a34077f_fk_usuarios_; Type: FK CONSTRAINT; Schema: public; Owner: postgres
--

ALTER TABLE ONLY public.usuarios_usuario_groups
    ADD CONSTRAINT usuarios_usuario_gro_usuario_id_7a34077f_fk_usuarios_ FOREIGN KEY (usuario_id) REFERENCES public.usuarios_usuario(id) DEFERRABLE INITIALLY DEFERRED;


--
-- TOC entry 4925 (class 2606 OID 16719)
-- Name: usuarios_usuario_groups usuarios_usuario_groups_group_id_e77f6dcf_fk_auth_group_id; Type: FK CONSTRAINT; Schema: public; Owner: postgres
--

ALTER TABLE ONLY public.usuarios_usuario_groups
    ADD CONSTRAINT usuarios_usuario_groups_group_id_e77f6dcf_fk_auth_group_id FOREIGN KEY (group_id) REFERENCES public.auth_group(id) DEFERRABLE INITIALLY DEFERRED;


--
-- TOC entry 4923 (class 2606 OID 16704)
-- Name: usuarios_usuario usuarios_usuario_rol_id_b0d64932_fk_usuarios_rol_id; Type: FK CONSTRAINT; Schema: public; Owner: postgres
--

ALTER TABLE ONLY public.usuarios_usuario
    ADD CONSTRAINT usuarios_usuario_rol_id_b0d64932_fk_usuarios_rol_id FOREIGN KEY (rol_id) REFERENCES public.usuarios_rol(id) DEFERRABLE INITIALLY DEFERRED;


--
-- TOC entry 4926 (class 2606 OID 16733)
-- Name: usuarios_usuario_user_permissions usuarios_usuario_use_permission_id_4e5c0f2f_fk_auth_perm; Type: FK CONSTRAINT; Schema: public; Owner: postgres
--

ALTER TABLE ONLY public.usuarios_usuario_user_permissions
    ADD CONSTRAINT usuarios_usuario_use_permission_id_4e5c0f2f_fk_auth_perm FOREIGN KEY (permission_id) REFERENCES public.auth_permission(id) DEFERRABLE INITIALLY DEFERRED;


--
-- TOC entry 4927 (class 2606 OID 16728)
-- Name: usuarios_usuario_user_permissions usuarios_usuario_use_usuario_id_60aeea80_fk_usuarios_; Type: FK CONSTRAINT; Schema: public; Owner: postgres
--

ALTER TABLE ONLY public.usuarios_usuario_user_permissions
    ADD CONSTRAINT usuarios_usuario_use_usuario_id_60aeea80_fk_usuarios_ FOREIGN KEY (usuario_id) REFERENCES public.usuarios_usuario(id) DEFERRABLE INITIALLY DEFERRED;


--
-- TOC entry 4918 (class 2606 OID 16594)
-- Name: vacacionsolicitud vacacionsolicitud_gerente_id_fkey; Type: FK CONSTRAINT; Schema: public; Owner: postgres
--

ALTER TABLE ONLY public.vacacionsolicitud
    ADD CONSTRAINT vacacionsolicitud_gerente_id_fkey FOREIGN KEY (gerente_id) REFERENCES public.gerenteguardias(id);


--
-- TOC entry 4919 (class 2606 OID 16599)
-- Name: vacacionsolicitud vacacionsolicitud_trabajador_id_fkey; Type: FK CONSTRAINT; Schema: public; Owner: postgres
--

ALTER TABLE ONLY public.vacacionsolicitud
    ADD CONSTRAINT vacacionsolicitud_trabajador_id_fkey FOREIGN KEY (trabajador_id) REFERENCES public.trabajador(id);


-- Completed on 2026-05-25 21:12:18

--
-- PostgreSQL database dump complete
--

\unrestrict qihnFflsV7sDGbCqJXgFF6j1PvF6LTVdG0iBzpA6ILIbyAym5L0VfYrTu9X5eMb

